scenario,policy,position,window_index,prompt_id,domain,hits,misses,hit_rate,cumulative_hit_rate
stable,lru,0,0,code_001,code,3386,5818,0.36788352890047804,0.36788352890047804
stable,lru,1,0,code_002,code,2953,5003,0.37116641528406236,0.3694055944055944
stable,lru,2,0,code_003,code,2574,5070,0.336734693877551,0.3593372036768263
stable,lru,3,0,code_004,code,2968,5300,0.358974358974359,0.3592464925012095
stable,lru,4,0,code_005,code,2921,5191,0.36008382642998027,0.3594114219114219
stable,lru,5,0,code_006,code,3055,5213,0.3694968553459119,0.36109763002507483
stable,lru,6,0,code_001,code,3396,5808,0.36897001303780963,0.36233292416803053
stable,lru,7,0,code_002,code,2953,5003,0.37116641528406236,0.3633879781420765
stable,lru,8,0,code_003,code,2574,5070,0.336734693877551,0.36064425770308123
stable,lru,9,0,code_004,code,2968,5300,0.358974358974359,0.3604769521593718
stable,lru,10,0,code_005,code,2921,5191,0.36008382642998027,0.3604417670682731
stable,lru,11,0,code_006,code,3055,5213,0.3694968553459119,0.361198738170347
stable,lru,12,0,code_001,code,3396,5808,0.36897001303780963,0.36186036186036186
stable,lru,13,0,code_002,code,2953,5003,0.37116641528406236,0.36249827681279295
stable,lru,14,0,code_003,code,2574,5070,0.336734693877551,0.360906327804184
stable,lru,15,0,code_004,code,2968,5300,0.358974358974359,0.3607852942959326
stable,lru,16,0,code_005,code,2921,5191,0.36008382642998027,0.3607446747758552
stable,lru,17,0,code_006,code,3055,5213,0.3694968553459119,0.3612324408854377
stable,lru,18,1,code_001,code,3396,5808,0.36897001303780963,0.3616844376745367
stable,lru,19,1,code_002,code,2953,5003,0.37116641528406236,0.3621402160516204
stable,lru,20,1,code_003,code,2574,5070,0.336734693877551,0.361018711018711
stable,lru,21,1,code_004,code,2968,5300,0.358974358974359,0.3609255462221928
stable,lru,22,1,code_005,code,2921,5191,0.36008382642998027,0.3608895220006331
stable,lru,23,1,code_006,code,3055,5213,0.3694968553459119,0.3612492922429831
stable,lru,24,1,code_001,code,3396,5808,0.36897001303780963,0.36159256468224066
stable,lru,25,1,code_002,code,2953,5003,0.37116641528406236,0.3619468944214953
stable,lru,26,1,code_003,code,2574,5070,0.336734693877551,0.36108116363897724
stable,lru,27,1,code_004,code,2968,5300,0.358974358974359,0.36100571725571723
stable,lru,28,1,code_005,code,2921,5191,0.36008382642998027,0.3609744259222066
stable,lru,29,1,code_006,code,3055,5213,0.3694968553459119,0.3612594030575103
stable,lru,30,1,code_001,code,3396,5808,0.36897001303780963,0.36153612202882274
stable,lru,31,1,code_002,code,2953,5003,0.37116641528406236,0.3618258830648211
stable,lru,32,1,code_003,code,2574,5070,0.336734693877551,0.36112091272641733
stable,lru,33,1,code_004,code,2968,5300,0.358974358974359,0.36105760312772
stable,lru,34,1,code_005,code,2921,5191,0.36008382642998027,0.36103021730387874
stable,lru,35,1,code_006,code,3055,5213,0.3694968553459119,0.36126614360052844
stable,lru,36,2,code_001,code,3396,5808,0.36897001303780963,0.3614979275356634
stable,lru,37,2,code_002,code,2953,5003,0.37116641528406236,0.3617430035173574
stable,lru,38,2,code_003,code,2574,5070,0.336734693877551,0.3611484342925391
stable,lru,39,2,code_004,code,2968,5300,0.358974358974359,0.36109392814690827
stable,lru,40,2,code_005,code,2921,5191,0.36008382642998027,0.3610696782441935
stable,lru,41,2,code_006,code,3055,5213,0.3694968553459119,0.3612709582741129
stable,lru,42,2,code_001,code,3396,5808,0.36897001303780963,0.36147036311654396
stable,lru,43,2,code_002,code,2953,5003,0.37116641528406236,0.3616826854267816
stable,lru,44,2,code_003,code,2574,5070,0.336734693877551,0.3611686183174829
stable,lru,45,2,code_004,code,2968,5300,0.358974358974359,0.36112077967281586
stable,lru,46,2,code_005,code,2921,5191,0.36008382642998027,0.36109906337453657
stable,lru,47,2,code_006,code,3055,5213,0.3694968553459119,0.3612745692793011
stable,lru,48,2,code_001,code,3396,5808,0.36897001303780963,0.3614495331258337
stable,lru,49,2,code_002,code,2953,5003,0.37116641528406236,0.3616368199701533
stable,lru,50,2,code_003,code,2574,5070,0.336734693877551,0.3611840540411969
stable,lru,51,2,code_004,code,2968,5300,0.358974358974359,0.36114143619602135
stable,lru,52,2,code_005,code,2921,5191,0.36008382642998027,0.36112179487179485
stable,lru,53,2,code_006,code,3055,5213,0.3694968553459119,0.361277377838892
stable,lru,54,3,code_001,code,3396,5808,0.36897001303780963,0.36143323823612283
stable,lru,55,3,code_002,code,2953,5003,0.37116641528406236,0.3616007684519328
stable,lru,56,3,code_003,code,2574,5070,0.336734693877551,0.3611962406783124
stable,lru,57,3,code_004,code,2968,5300,0.358974358974359,0.3611578198853892
stable,lru,58,3,code_005,code,2921,5191,0.36008382642998027,0.3611399027664668
stable,lru,59,3,code_006,code,3055,5213,0.3694968553459119,0.36127962468656477
stable,lru,60,3,code_001,code,3396,5808,0.36897001303780963,0.3614201427765999
stable,lru,61,3,code_002,code,2953,5003,0.37116641528406236,0.36157168542839274
stable,lru,62,3,code_003,code,2574,5070,0.336734693877551,0.3612061063998583
stable,lru,63,3,code_004,code,2968,5300,0.358974358974359,0.36117113223854796
stable,lru,64,3,code_005,code,2921,5191,0.36008382642998027,0.3611546675029494
stable,lru,65,3,code_006,code,3055,5213,0.3694968553459119,0.3612814630164788
stable,lru,66,3,code_001,code,3396,5808,0.36897001303780963,0.36140938869365263
stable,lru,67,3,code_002,code,2953,5003,0.37116641528406236,0.36154772852020556
stable,lru,68,3,code_003,code,2574,5070,0.336734693877551,0.3612142565790399
stable,lru,69,3,code_004,code,2968,5300,0.358974358974359,0.3611821628853259
stable,lru,70,3,code_005,code,2921,5191,0.36008382642998027,0.36116693668013317
stable,lru,71,3,code_006,code,3055,5213,0.3694968553459119,0.3612829949580738
stable,lru,72,4,code_001,code,3396,5808,0.36897001303780963,0.3614003995831591
stable,lru,73,4,code_002,code,2953,5003,0.37116641528406236,0.36152765221492866
stable,lru,74,4,code_003,code,2574,5070,0.336734693877551,0.36122110289407794
stable,lru,75,4,code_004,code,2968,5300,0.358974358974359,0.3611914521401573
stable,lru,76,4,code_005,code,2921,5191,0.36008382642998027,0.3611772936994176
stable,lru,77,4,code_006,code,3055,5213,0.3694968553459119,0.36128429121634653
stable,lru,78,4,code_001,code,3396,5808,0.36897001303780963,0.3613927738927739
stable,lru,79,4,code_002,code,2953,5003,0.37116641528406236,0.36151058427116095
stable,lru,80,4,code_003,code,2574,5070,0.336734693877551,0.3612269350587108
stable,lru,81,4,code_004,code,2968,5300,0.358974358974359,0.36119938220099773
stable,lru,82,4,code_005,code,2921,5191,0.36008382642998027,0.3611861532614098
stable,lru,83,4,code_006,code,3055,5213,0.3694968553459119,0.361285402294866
stable,lru,84,4,code_001,code,3396,5808,0.36897001303780963,0.3613862232941619
stable,lru,85,4,code_002,code,2953,5003,0.37116641528406236,0.36149589563177953
stable,lru,86,4,code_003,code,2574,5070,0.336734693877551,0.36123196287433834
stable,lru,87,4,code_004,code,2968,5300,0.358974358974359,0.3612062310449407
stable,lru,88,4,code_005,code,2921,5191,0.36008382642998027,0.3611938182333759
stable,lru,89,4,code_006,code,3055,5213,0.3694968553459119,0.3612863652295829
stable,lru,90,5,code_001,code,3396,5808,0.36897001303780963,0.36138053540421633
stable,lru,91,5,code_002,code,2953,5003,0.37116641528406236,0.3614831211953514
stable,lru,92,5,code_003,code,2574,5070,0.336734693877551,0.36123634200557275
stable,lru,93,5,code_004,code,2968,5300,0.358974358974359,0.3612122056857309
stable,lru,94,5,code_005,code,2921,5191,0.36008382642998027,0.36120051496620537
stable,lru,95,5,code_006,code,3055,5213,0.3694968553459119,0.36128720779746015
stable,lru,96,5,code_001,code,3396,5808,0.36897001303780963,0.36137555032507285
stable,lru,97,5,code_002,code,2953,5003,0.37116641528406236,0.361471909667587
stable,lru,98,5,code_003,code,2574,5070,0.336734693877551,0.3612401903837576
stable,lru,99,5,code_004,code,2968,5300,0.358974358974359,0.3612174634600827
stable,lru,100,5,code_005,code,2921,5191,0.36008382642998027,0.3612064160227578
stable,lru,101,5,code_006,code,3055,5213,0.3694968553459119,0.3612879512397048
stable,lru,102,5,code_001,code,3396,5808,0.36897001303780963,0.36137114537444937
stable,lru,103,5,code_002,code,2953,5003,0.37116641528406236,0.36146199075822644
stable,lru,104,5,code_003,code,2574,5070,0.336734693877551,0.3612435989869299
stable,lru,105,5,code_004,code,2968,5300,0.358974358974359,0.3612221260855433
stable,lru,106,5,code_005,code,2921,5191,0.36008382642998027,0.36121165525906374
stable,lru,107,5,code_006,code,3055,5213,0.3694968553459119,0.3612886120772556
stable,lfu,0,0,code_001,code,1899,7305,0.20632333767926989,0.20632333767926989
stable,lfu,1,0,code_002,code,1919,6037,0.24120160884866768,0.2224941724941725
stable,lfu,2,0,code_003,code,1879,5765,0.24581371009942438,0.22968069666182875
stable,lfu,3,0,code_004,code,2018,6250,0.2440735365263667,0.23327890662796325
stable,lfu,4,0,code_005,code,1960,6152,0.2416173570019724,0.23492132867132867
stable,lfu,5,0,code_006,code,2099,6169,0.253870343492985,0.23808946048693683
stable,lfu,6,0,code_001,code,2378,6826,0.25836592785745327,0.24127114020731041
stable,lfu,7,0,code_002,code,1926,6030,0.2420814479638009,0.24136792169579055
stable,lfu,8,0,code_003,code,1879,5765,0.24581371009942438,0.24182557638439992
stable,lfu,9,0,code_004,code,2018,6250,0.2440735365263667,0.24205079734380303
stable,lfu,10,0,code_005,code,1960,6152,0.2416173570019724,0.24201200406019682
stable,lfu,11,0,code_006,code,2099,6169,0.253870343492985,0.24300331634716493
stable,lfu,12,0,code_001,code,2378,6826,0.25836592785745327,0.24431124431124432
stable,lfu,13,0,code_002,code,1926,6030,0.2420814479638009,0.2441583953680728
stable,lfu,14,0,code_003,code,1879,5765,0.24581371009942438,0.24426067837164936
stable,lfu,15,0,code_004,code,2018,6250,0.2440735365263667,0.24424895435533733
stable,lfu,16,0,code_005,code,1960,6152,0.2416173570019724,0.24409656787162354
stable,lfu,17,0,code_006,code,2099,6169,0.253870343492985,0.24464126830057428
stable,lfu,18,1,code_001,code,2378,6826,0.25836592785745327,0.24544300583904544
stable,lfu,19,1,code_002,code,1926,6030,0.2420814479638009,0.2452814229440054
stable,lfu,20,1,code_003,code,1879,5765,0.24581371009942438,0.2453049203049203
stable,lfu,21,1,code_004,code,2018,6250,0.2440735365263667,0.24524880393324072
stable,lfu,22,1,code_005,code,1960,6152,0.2416173570019724,0.24509338398227287
stable,lfu,23,1,code_006,code,2099,6169,0.253870343492985,0.24546024427727897
stable,lfu,24,1,code_001,code,2378,6826,0.25836592785745327,0.24603404633547812
stable,lfu,25,1,code_002,code,1926,6030,0.2420814479638009,0.24588776003870344
stable,lfu,26,1,code_003,code,1879,5765,0.24581371009942438,0.24588521732880528
stable,lfu,27,1,code_004,code,2018,6250,0.2440735365263667,0.24582033957033958
stable,lfu,28,1,code_005,code,1960,6152,0.2416173570019724,0.24567767958760126
stable,lfu,29,1,code_006,code,2099,6169,0.253870343492985,0.2459516298633018
stable,lfu,30,1,code_001,code,2378,6826,0.25836592785745327,0.24639715515627925
stable,lfu,31,1,code_002,code,1926,6030,0.2420814479638009,0.2462673020195144
stable,lfu,32,1,code_003,code,1879,5765,0.24581371009942438,0.24625455775111738
stable,lfu,33,1,code_004,code,2018,6250,0.2440735365263667,0.24619023158255213
stable,lfu,34,1,code_005,code,1960,6152,0.2416173570019724,0.24606162721360125
stable,lfu,35,1,code_006,code,2099,6169,0.253870343492985,0.24627922025398366
stable,lfu,36,2,code_001,code,2378,6826,0.25836592785745327,0.24664286928437873
stable,lfu,37,2,code_002,code,1926,6030,0.2420814479638009,0.24652724677575572
stable,lfu,38,2,code_003,code,1879,5765,0.24581371009942438,0.2465102825364834
stable,lfu,39,2,code_004,code,2018,6250,0.2440735365263667,0.24644919098561482
stable,lfu,40,2,code_005,code,1960,6152,0.2416173570019724,0.2463331912777896
stable,lfu,41,2,code_006,code,2099,6169,0.253870343492985,0.246513213390185
stable,lfu,42,2,code_001,code,2378,6826,0.25836592785745327,0.24682019765426264
stable,lfu,43,2,code_002,code,1926,6030,0.2420814479638009,0.24671642941286565
stable,lfu,44,2,code_003,code,1879,5765,0.24581371009942438,0.24669782838411938
stable,lfu,45,2,code_004,code,2018,6250,0.2440735365263667,0.24664061428767312
stable,lfu,46,2,code_005,code,1960,6152,0.2416173570019724,0.24653541518221342
stable,lfu,47,2,code_006,code,2099,6169,0.253870343492985,0.246688708242336
stable,lfu,48,2,code_001,code,2378,6826,0.25836592785745327,0.24695420186749667
stable,lfu,49,2,code_002,code,1926,6030,0.2420814479638009,0.2468602825745683
stable,lfu,50,2,code_003,code,1879,5765,0.24581371009942438,0.24684125398411114
stable,lfu,51,2,code_004,code,2018,6250,0.2440735365263667,0.24678787369835406
stable,lfu,52,2,code_005,code,1960,6152,0.2416173570019724,0.24669184981684983
stable,lfu,53,2,code_006,code,2099,6169,0.253870343492985,0.24682520423845344
stable,lfu,54,3,code_001,code,2378,6826,0.25836592785745327,0.24705903071287685
stable,lfu,55,3,code_002,code,1926,6030,0.2420814479638009,0.24697335514075305
stable,lfu,56,3,code_003,code,1879,5765,0.24581371009942438,0.2469544897333742
stable,lfu,57,3,code_004,code,2018,6250,0.2440735365263667,0.24690467227171958
stable,lfu,58,3,code_005,code,1960,6152,0.2416173570019724,0.24681646553638853
stable,lfu,59,3,code_006,code,2099,6169,0.253870343492985,0.24693440103534742
stable,lfu,60,3,code_001,code,2378,6826,0.25836592785745327,0.2471432768738436
stable,lfu,61,3,code_002,code,1926,6030,0.2420814479638009,0.24706457160725454
stable,lfu,62,3,code_003,code,1879,5765,0.24581371009942438,0.2470461600080104
stable,lfu,63,3,code_004,code,2018,6250,0.2440735365263667,0.24699957542949855
stable,lfu,64,3,code_005,code,1960,6152,0.2416173570019724,0.24691807416035721
stable,lfu,65,3,code_006,code,2099,6169,0.253870343492985,0.24702374386916973
stable,lfu,66,3,code_001,code,2378,6826,0.25836592785745327,0.24721246041042996
stable,lfu,67,3,code_002,code,1926,6030,0.2420814479638009,0.24713971044246275
stable,lfu,68,3,code_003,code,1879,5765,0.24581371009942438,0.24712188981250968
stable,lfu,69,3,code_004,code,2018,6250,0.2440735365263667,0.24707821240667957
stable,lfu,70,3,code_005,code,1960,6152,0.2416173570019724,0.247002508732714
stable,lfu,71,3,code_006,code,2099,6169,0.253870343492985,0.24709819623068835
stable,lfu,72,4,code_001,code,2378,6826,0.25836592785745327,0.24727028946547455
stable,lfu,73,4,code_002,code,1926,6030,0.2420814479638009,0.24720267809179408
stable,lfu,74,4,code_003,code,1879,5765,0.24581371009942438,0.24718550437702594
stable,lfu,75,4,code_004,code,2018,6250,0.2440735365263667,0.24714443508019204
stable,lfu,76,4,code_005,code,1960,6152,0.2416173570019724,0.24707378413130626
stable,lfu,77,4,code_006,code,2099,6169,0.253870343492985,0.24716119438274256
stable,lfu,78,4,code_001,code,2378,6826,0.25836592785745327,0.24731934731934732
stable,lfu,79,4,code_002,code,1926,6030,0.2420814479638009,0.24725621026731875
stable,lfu,80,4,code_003,code,1879,5765,0.24581371009942438,0.24723969566259285
stable,lfu,81,4,code_004,code,2018,6250,0.2440735365263667,0.2472009681218082
stable,lfu,82,4,code_005,code,1960,6152,0.2416173570019724,0.24713475426132211
stable,lfu,83,4,code_006,code,2099,6169,0.253870343492985,0.247215192798789
stable,lfu,84,4,code_001,code,2378,6826,0.25836592785745327,0.2473614888558184
stable,lfu,85,4,code_002,code,1926,6030,0.2420814479638009,0.24730227995399498
stable,lfu,86,4,code_003,code,1879,5765,0.24581371009942438,0.24728641310107483
stable,lfu,87,4,code_004,code,2018,6250,0.2440735365263667,0.24724979321753515
stable,lfu,88,4,code_005,code,1960,6152,0.2416173570019724,0.24718750340826054
stable,lfu,89,4,code_006,code,2099,6169,0.253870343492985,0.24726199142602928
stable,lfu,90,5,code_001,code,2378,6826,0.25836592785745327,0.24739808038520128
stable,lfu,91,5,code_002,code,1926,6030,0.2420814479638009,0.247342345903497
stable,lfu,92,5,code_003,code,1879,5765,0.24581371009942438,0.24732710309633388
stable,lfu,93,5,code_004,code,2018,6250,0.2440735365263667,0.2472923861589052
stable,lfu,94,5,code_005,code,1960,6152,0.2416173570019724,0.2472335892837985
stable,lfu,95,5,code_006,code,2099,6169,0.253870343492985,0.24730294022486451
stable,lfu,96,5,code_001,code,2378,6826,0.25836592785745327,0.24743015056794046
stable,lfu,97,5,code_002,code,1926,6030,0.2420814479638009,0.24737750992092944
stable,lfu,98,5,code_003,code,1879,5765,0.24581371009942438,0.24736286144238734
stable,lfu,99,5,code_004,code,2018,6250,0.2440735365263667,0.24732986859216988
stable,lfu,100,5,code_005,code,1960,6152,0.2416173570019724,0.24727419943874215
stable,lfu,101,5,code_006,code,2099,6169,0.253870343492985,0.24733907151795442
stable,lfu,102,5,code_001,code,2378,6826,0.25836592785745327,0.24745848864791595
stable,lfu,103,5,code_002,code,1926,6030,0.2420814479638009,0.2474086197490453
stable,lfu,104,5,code_003,code,1879,5765,0.24581371009942438,0.24739453348862145
stable,lfu,105,5,code_004,code,2018,6250,0.2440735365263667,0.2473631082361666
stable,lfu,106,5,code_005,code,1960,6152,0.2416173570019724,0.24731025504950854
stable,lfu,107,5,code_006,code,2099,6169,0.253870343492985,0.24737118822292323
lru_break,lru,0,0,code_001,code,3386,5818,0.36788352890047804,0.36788352890047804
lru_break,lru,1,0,code_002,code,2953,5003,0.37116641528406236,0.3694055944055944
lru_break,lru,2,0,code_003,code,2574,5070,0.336734693877551,0.3593372036768263
lru_break,lru,3,0,code_004,code,2968,5300,0.358974358974359,0.3592464925012095
lru_break,lru,4,0,code_005,code,2921,5191,0.36008382642998027,0.3594114219114219
lru_break,lru,5,0,code_006,code,3055,5213,0.3694968553459119,0.36109763002507483
lru_break,lru,6,0,code_001,code,3396,5808,0.36897001303780963,0.36233292416803053
lru_break,lru,7,0,code_002,code,2953,5003,0.37116641528406236,0.3633879781420765
lru_break,lru,8,0,code_003,code,2574,5070,0.336734693877551,0.36064425770308123
lru_break,lru,9,0,code_004,code,2968,5300,0.358974358974359,0.3604769521593718
lru_break,lru,10,0,code_005,code,2921,5191,0.36008382642998027,0.3604417670682731
lru_break,lru,11,0,code_006,code,3055,5213,0.3694968553459119,0.361198738170347
lru_break,lru,12,0,code_001,code,3396,5808,0.36897001303780963,0.36186036186036186
lru_break,lru,13,0,code_002,code,2953,5003,0.37116641528406236,0.36249827681279295
lru_break,lru,14,0,code_003,code,2574,5070,0.336734693877551,0.360906327804184
lru_break,lru,15,0,code_004,code,2968,5300,0.358974358974359,0.3607852942959326
lru_break,lru,16,0,code_005,code,2921,5191,0.36008382642998027,0.3607446747758552
lru_break,lru,17,0,code_006,code,3055,5213,0.3694968553459119,0.3612324408854377
lru_break,lru,18,1,math_001,math,3353,5851,0.3642981312472838,0.36141152576796143
lru_break,lru,19,1,math_002,math,3417,6255,0.353287841191067,0.36094168580176045
lru_break,lru,20,1,math_003,math,3353,5851,0.3642981312472838,0.36111677888866217
lru_break,lru,21,1,math_004,math,1781,3679,0.3261904761904762,0.36006839072876806
lru_break,lru,22,1,math_005,math,2551,4937,0.3406784188034188,0.3593017361551134
lru_break,lru,23,1,math_006,math,2187,3897,0.3594674556213018,0.35930689422309536
lru_break,lru,24,1,math_001,math,3355,5849,0.3645154280747501,0.35954111944965605
lru_break,lru,25,1,math_002,math,3417,6255,0.353287841191067,0.35925894823274734
lru_break,lru,26,1,math_003,math,3353,5851,0.3642981312472838,0.35946642331848194
lru_break,lru,27,1,math_004,math,1781,3679,0.3261904761904762,0.3586730594564382
lru_break,lru,28,1,math_005,math,2551,4937,0.3406784188034188,0.35810330830119746
lru_break,lru,29,1,math_006,math,2187,3897,0.3594674556213018,0.3581375216423448
lru_break,lru,30,1,math_001,math,3355,5849,0.3645154280747501,0.3583706669208528
lru_break,lru,31,1,math_002,math,3417,6255,0.353287841191067,0.3581826387613977
lru_break,lru,32,1,math_003,math,3353,5851,0.3642981312472838,0.35839060075371315
lru_break,lru,33,1,math_004,math,1781,3679,0.3261904761904762,0.3577538751267565
lru_break,lru,34,1,math_005,math,2551,4937,0.3406784188034188,0.3573030379961073
lru_break,lru,35,1,math_006,math,2187,3897,0.3594674556213018,0.3573484942628723
lru_break,lru,36,2,medicine_001,medicine,3760,5912,0.38875103391232424,0.3583630630269505
lru_break,lru,37,2,medicine_002,medicine,2164,4700,0.3152680652680653,0.35739710281228365
lru_break,lru,38,2,medicine_003,medicine,2354,4510,0.34294871794871795,0.3570803469906609
lru_break,lru,39,2,medicine_004,medicine,2506,4826,0.34178941625750137,0.3567304571442838
lru_break,lru,40,2,medicine_005,medicine,2057,4339,0.3216072545340838,0.3560430818187381
lru_break,lru,41,2,medicine_006,medicine,3095,4861,0.3890145801910508,0.35682665424044735
lru_break,lru,42,2,medicine_001,medicine,3758,5914,0.38854425144747723,0.3577172751765143
lru_break,lru,43,2,medicine_002,medicine,2164,4700,0.3152680652680653,0.3568878945211094
lru_break,lru,44,2,medicine_003,medicine,2354,4510,0.34294871794871795,0.35662076744393817
lru_break,lru,45,2,medicine_004,medicine,2506,4826,0.34178941625750137,0.35632325421057814
lru_break,lru,46,2,medicine_005,medicine,2057,4339,0.3216072545340838,0.3557262089141284
lru_break,lru,47,2,medicine_006,medicine,3095,4861,0.3890145801910508,0.3564234191544253
lru_break,lru,48,2,medicine_001,medicine,3758,5914,0.38854425144747723,0.35722097285973936
lru_break,lru,49,2,medicine_002,medicine,2164,4700,0.3152680652680653,0.35649451558542467
lru_break,lru,50,2,medicine_003,medicine,2354,4510,0.34294871794871795,0.3562639488171403
lru_break,lru,51,2,medicine_004,medicine,2506,4826,0.34178941625750137,0.3560054750214325
lru_break,lru,52,2,medicine_005,medicine,2057,4339,0.3216072545340838,0.3554778554778555
lru_break,lru,53,2,medicine_006,medicine,3095,4861,0.3890145801910508,0.3561057456982567
lru_break,lru,54,3,creative_001,creative,2621,4399,0.3733618233618234,0.3563861803298423
lru_break,lru,55,3,creative_002,creative,1817,4111,0.3065114709851552,0.35571099723219424
lru_break,lru,56,3,creative_003,creative,2242,4154,0.3505315822388993,0.35563643402477674
lru_break,lru,57,3,creative_004,creative,2516,4348,0.36655011655011654,0.3558024789871263
lru_break,lru,58,3,creative_005,creative,1808,3496,0.34087481146304677,0.3556290201027043
lru_break,lru,59,3,creative_006,creative,2387,4321,0.3558437686344663,0.3556321303037369
lru_break,lru,60,3,creative_001,creative,2623,4397,0.37364672364672363,0.35590109403978015
lru_break,lru,61,3,creative_002,creative,1817,4111,0.3065114709851552,0.3552861511577108
lru_break,lru,62,3,creative_003,creative,2242,4154,0.3505315822388993,0.3552231258341831
lru_break,lru,63,3,creative_004,creative,2516,4348,0.36655011655011654,0.35538199978748275
lru_break,lru,64,3,creative_005,creative,1808,3496,0.34087481146304677,0.35522645125294133
lru_break,lru,65,3,creative_006,creative,2387,4321,0.3558437686344663,0.3552347103218292
lru_break,lru,66,3,creative_001,creative,2623,4397,0.37364672364672363,0.35548894186513086
lru_break,lru,67,3,creative_002,creative,1817,4111,0.3065114709851552,0.3549244456887769
lru_break,lru,68,3,creative_003,creative,2242,4154,0.3505315822388993,0.3548704890076969
lru_break,lru,69,3,creative_004,creative,2516,4348,0.36655011655011654,0.355022441583648
lru_break,lru,70,3,creative_005,creative,1808,3496,0.34087481146304677,0.35488162793490663
lru_break,lru,71,3,creative_006,creative,2387,4321,0.3558437686344663,0.3548935886316632
lru_break,lru,72,4,code_001,code,3398,5806,0.369187309865276,0.35513330709464874
lru_break,lru,73,4,code_002,code,2953,5003,0.37116641528406236,0.35536241567342713
lru_break,lru,74,4,code_003,code,2574,5070,0.336734693877551,0.3551101330952077
lru_break,lru,75,4,code_004,code,2968,5300,0.358974358974359,0.35516592279054826
lru_break,lru,76,4,code_005,code,2921,5191,0.36008382642998027,0.3552346122853778
lru_break,lru,77,4,code_006,code,3055,5213,0.3694968553459119,0.3554347973707084
lru_break,lru,78,4,code_001,code,3396,5808,0.36897001303780963,0.35564303145789455
lru_break,lru,79,4,code_002,code,2953,5003,0.37116641528406236,0.35584676089050765
lru_break,lru,80,4,code_003,code,2574,5070,0.336734693877551,0.35560877072948227
lru_break,lru,81,4,code_004,code,2968,5300,0.358974358974359,0.3556534989584137
lru_break,lru,82,4,code_005,code,2921,5191,0.36008382642998027,0.3557105229753745
lru_break,lru,83,4,code_006,code,3055,5213,0.3694968553459119,0.35588904132759497
lru_break,lru,84,4,code_001,code,3396,5808,0.36897001303780963,0.356074922187639
lru_break,lru,85,4,code_002,code,2953,5003,0.37116641528406236,0.356258045230208
lru_break,lru,86,4,code_003,code,2574,5070,0.336734693877551,0.35603305834961524
lru_break,lru,87,4,code_004,code,2968,5300,0.358974358974359,0.3560692694839036
lru_break,lru,88,4,code_005,code,2921,5191,0.36008382642998027,0.3561171824885389
lru_break,lru,89,4,code_006,code,3055,5213,0.3694968553459119,0.35627798127798127
lru_break,lru,90,5,math_001,math,3353,5851,0.3642981312472838,0.3563838637680661
lru_break,lru,91,5,math_002,math,3417,6255,0.353287841191067,0.35634149930111086
lru_break,lru,92,5,math_003,math,3353,5851,0.3642981312472838,0.3564437740908329
lru_break,lru,93,5,math_004,math,1781,3679,0.3261904761904762,0.3562148302148302
lru_break,lru,94,5,math_005,math,2551,4937,0.3406784188034188,0.35605524370771535
lru_break,lru,95,5,math_006,math,2187,3897,0.3594674556213018,0.35608348569936005
lru_break,lru,96,5,math_001,math,3355,5849,0.3645154280747501,0.35618775830471494
lru_break,lru,97,5,math_002,math,3417,6255,0.353287841191067,0.3561505568023259
lru_break,lru,98,5,math_003,math,3353,5851,0.3642981312472838,0.3562488206805459
lru_break,lru,99,5,math_004,math,1781,3679,0.3261904761904762,0.35603529479113
lru_break,lru,100,5,math_005,math,2551,4937,0.3406784188034188,0.35588712794742944
lru_break,lru,101,5,math_006,math,2187,3897,0.3594674556213018,0.3559149765272621
lru_break,lru,102,5,math_001,math,3355,5849,0.3645154280747501,0.35601500149105114
lru_break,lru,103,5,math_002,math,3417,6255,0.353287841191067,0.35598207375227825
lru_break,lru,104,5,math_003,math,3353,5851,0.3642981312472838,0.3560765380172388
lru_break,lru,105,5,math_004,math,1781,3679,0.3261904761904762,0.3558764974427625
lru_break,lru,106,5,math_005,math,2551,4937,0.3406784188034188,0.3557382545443944
lru_break,lru,107,5,math_006,math,2187,3897,0.3594674556213018,0.3557656132430399
lru_break,lfu,0,0,code_001,code,1899,7305,0.20632333767926989,0.20632333767926989
lru_break,lfu,1,0,code_002,code,1919,6037,0.24120160884866768,0.2224941724941725
lru_break,lfu,2,0,code_003,code,1879,5765,0.24581371009942438,0.22968069666182875
lru_break,lfu,3,0,code_004,code,2018,6250,0.2440735365263667,0.23327890662796325
lru_break,lfu,4,0,code_005,code,1960,6152,0.2416173570019724,0.23492132867132867
lru_break,lfu,5,0,code_006,code,2099,6169,0.253870343492985,0.23808946048693683
lru_break,lfu,6,0,code_001,code,2378,6826,0.25836592785745327,0.24127114020731041
lru_break,lfu,7,0,code_002,code,1926,6030,0.2420814479638009,0.24136792169579055
lru_break,lfu,8,0,code_003,code,1879,5765,0.24581371009942438,0.24182557638439992
lru_break,lfu,9,0,code_004,code,2018,6250,0.2440735365263667,0.24205079734380303
lru_break,lfu,10,0,code_005,code,1960,6152,0.2416173570019724,0.24201200406019682
lru_break,lfu,11,0,code_006,code,2099,6169,0.253870343492985,0.24300331634716493
lru_break,lfu,12,0,code_001,code,2378,6826,0.25836592785745327,0.24431124431124432
lru_break,lfu,13,0,code_002,code,1926,6030,0.2420814479638009,0.2441583953680728
lru_break,lfu,14,0,code_003,code,1879,5765,0.24581371009942438,0.24426067837164936
lru_break,lfu,15,0,code_004,code,2018,6250,0.2440735365263667,0.24424895435533733
lru_break,lfu,16,0,code_005,code,1960,6152,0.2416173570019724,0.24409656787162354
lru_break,lfu,17,0,code_006,code,2099,6169,0.253870343492985,0.24464126830057428
lru_break,lfu,18,1,math_001,math,1874,7330,0.20360712733594089,0.24224422442244226
lru_break,lfu,19,1,math_002,math,2017,7655,0.20854011579818033,0.2402949196326062
lru_break,lfu,20,1,math_003,math,1944,7260,0.21121251629726207,0.238777800448888
lru_break,lfu,21,1,math_004,math,1214,4246,0.22234432234432233,0.23828451422791044
lru_break,lfu,22,1,math_005,math,1597,5891,0.21327457264957264,0.23729565327588392
lru_break,lfu,23,1,math_006,math,1340,4744,0.22024983563445102,0.23676509710029264
lru_break,lfu,24,1,math_001,math,1874,7330,0.20360712733594089,0.23527399937460913
lru_break,lfu,25,1,math_002,math,2017,7655,0.20854011579818033,0.23406766692792894
lru_break,lfu,26,1,math_003,math,1944,7260,0.21121251629726207,0.2331266663088017
lru_break,lfu,27,1,math_004,math,1214,4246,0.22234432234432233,0.23286959407531616
lru_break,lfu,28,1,math_005,math,1597,5891,0.21327457264957264,0.2322491712333401
lru_break,lfu,29,1,math_006,math,1340,4744,0.22024983563445102,0.23194822326655123
lru_break,lfu,30,1,math_001,math,1874,7330,0.20360712733594089,0.23091221046611382
lru_break,lfu,31,1,math_002,math,2017,7655,0.20854011579818033,0.23008460314546234
lru_break,lfu,32,1,math_003,math,1944,7260,0.21121251629726207,0.22944284341978866
lru_break,lfu,33,1,math_004,math,1214,4246,0.22234432234432233,0.22930247718383312
lru_break,lfu,34,1,math_005,math,1597,5891,0.21327457264957264,0.22887929818622887
lru_break,lfu,35,1,math_006,math,1340,4744,0.22024983563445102,0.2286980655316681
lru_break,lfu,36,2,medicine_001,medicine,2117,7555,0.21887923904052936,0.22838083403482048
lru_break,lfu,37,2,medicine_002,medicine,1501,5363,0.2186771561771562,0.22816332928406285
lru_break,lfu,38,2,medicine_003,medicine,1498,5366,0.21824009324009325,0.22794577951528625
lru_break,lfu,39,2,medicine_004,medicine,1589,5743,0.21672122204037098,0.2276889371582653
lru_break,lfu,40,2,medicine_005,medicine,1332,5064,0.20825515947467166,0.2273086102441711
lru_break,lfu,41,2,medicine_006,medicine,1826,6130,0.22951231774761185,0.2273609816713265
lru_break,lfu,42,2,medicine_001,medicine,2117,7555,0.21887923904052936,0.22712281679672985
lru_break,lfu,43,2,medicine_002,medicine,1501,5363,0.2186771561771562,0.22695780388942022
lru_break,lfu,44,2,medicine_003,medicine,1498,5366,0.21824009324009325,0.22679073974805683
lru_break,lfu,45,2,medicine_004,medicine,1589,5743,0.21672122204037098,0.22658874771550827
lru_break,lfu,46,2,medicine_005,medicine,1332,5064,0.20825515947467166,0.2262734469110308
lru_break,lfu,47,2,medicine_006,medicine,1826,6130,0.22951231774761185,0.22634128363081135
lru_break,lfu,48,2,medicine_001,medicine,2117,7555,0.21887923904052936,0.22615600258772064
lru_break,lfu,49,2,medicine_002,medicine,1501,5363,0.2186771561771562,0.22602649875377148
lru_break,lfu,50,2,medicine_003,medicine,1498,5366,0.21824009324009325,0.22589396419183652
lru_break,lfu,51,2,medicine_004,medicine,1589,5743,0.21672122204037098,0.22573016522484607
lru_break,lfu,52,2,medicine_005,medicine,1332,5064,0.20825515947467166,0.22546212361027176
lru_break,lfu,53,2,medicine_006,medicine,1826,6130,0.22951231774761185,0.22553795323619114
lru_break,lfu,54,3,creative_001,creative,1645,5375,0.23433048433048434,0.2256808437740182
lru_break,lfu,55,3,creative_002,creative,996,4932,0.1680161943319838,0.22490020370319622
lru_break,lfu,56,3,creative_003,creative,1370,5026,0.2141963727329581,0.2247461106309421
lru_break,lfu,57,3,creative_004,creative,1535,5329,0.22363053613053613,0.2247291378515445
lru_break,lfu,58,3,creative_005,creative,1233,4071,0.2324660633484163,0.2248190406085143
lru_break,lfu,59,3,creative_006,creative,1546,5162,0.2304710793082886,0.22490089903360364
lru_break,lfu,60,3,creative_001,creative,1645,5375,0.23433048433048434,0.22504168580810915
lru_break,lfu,61,3,creative_002,creative,996,4932,0.1680161943319838,0.22433166985919278
lru_break,lfu,62,3,creative_003,creative,1370,5026,0.2141963727329581,0.22419731900818224
lru_break,lfu,63,3,creative_004,creative,1535,5329,0.22363053613053613,0.22418936923240398
lru_break,lfu,64,3,creative_005,creative,1233,4071,0.2324660633484163,0.22427811335096104
lru_break,lfu,65,3,creative_006,creative,1546,5162,0.2304710793082886,0.2243609688382557
lru_break,lfu,66,3,creative_001,creative,1645,5375,0.23433048433048434,0.22449862707610482
lru_break,lfu,67,3,creative_002,creative,996,4932,0.1680161943319838,0.22384763149094358
lru_break,lfu,68,3,creative_003,creative,1370,5026,0.2141963727329581,0.2237290869705489
lru_break,lfu,69,3,creative_004,creative,1535,5329,0.22363053613053613,0.2237278048188752
lru_break,lfu,70,3,creative_005,creative,1233,4071,0.2324660633484163,0.2238147781180568
lru_break,lfu,71,3,creative_006,creative,1546,5162,0.2304710793082886,0.2238975248515578
lru_break,lfu,72,4,code_001,code,2378,6826,0.25836592785745327,0.22447559073482895
lru_break,lfu,73,4,code_002,code,1926,6030,0.2420814479638009,0.22472717345230656
lru_break,lfu,74,4,code_003,code,1879,5765,0.24581371009942438,0.22501275672917465
lru_break,lfu,75,4,code_004,code,2018,6250,0.2440735365263667,0.22528794641298047
lru_break,lfu,76,4,code_005,code,1960,6152,0.2416173570019724,0.22551602305832766
lru_break,lfu,77,4,code_006,code,2099,6169,0.253870343492985,0.2259140047805302
lru_break,lfu,78,4,code_001,code,2378,6826,0.25836592785745327,0.2264132651355598
lru_break,lfu,79,4,code_002,code,1926,6030,0.2420814479638009,0.2266188949153437
lru_break,lfu,80,4,code_003,code,1879,5765,0.24581371009942438,0.22685791548561562
lru_break,lfu,81,4,code_004,code,2018,6250,0.2440735365263667,0.22708670884448218
lru_break,lfu,82,4,code_005,code,1960,6152,0.2416173570019724,0.2272737369890835
lru_break,lfu,83,4,code_006,code,2099,6169,0.253870343492985,0.22761813477669818
lru_break,lfu,84,4,code_001,code,2378,6826,0.25836592785745327,0.22805506150881874
lru_break,lfu,85,4,code_002,code,1926,6030,0.2420814479638009,0.22822526034517468
lru_break,lfu,86,4,code_003,code,1879,5765,0.24581371009942438,0.2284279494415901
lru_break,lfu,87,4,code_004,code,2018,6250,0.2440735365263667,0.22862056642544448
lru_break,lfu,88,4,code_005,code,1960,6152,0.2416173570019724,0.22877568074951596
lru_break,lfu,89,4,code_006,code,2099,6169,0.253870343492985,0.2290772719344148
lru_break,lfu,90,5,math_001,math,1874,7330,0.20360712733594089,0.22874101359221072
lru_break,lfu,91,5,math_002,math,2017,7655,0.20854011579818033,0.22846459433305605
lru_break,lfu,92,5,math_003,math,1944,7260,0.21121251629726207,0.22824283559577677
lru_break,lfu,93,5,math_004,math,1214,4246,0.22234432234432233,0.2281981981981982
lru_break,lfu,94,5,math_005,math,1597,5891,0.21327457264957264,0.2280449060889891
lru_break,lfu,95,5,math_006,math,1340,4744,0.22024983563445102,0.22798038831570241
lru_break,lfu,96,5,math_001,math,1874,7330,0.20360712733594089,0.22767897930337672
lru_break,lfu,97,5,math_002,math,2017,7655,0.20854011579818033,0.22743345694928563
lru_break,lfu,98,5,math_003,math,1944,7260,0.21121251629726207,0.22723782418181437
lru_break,lfu,99,5,math_004,math,1214,4246,0.22234432234432233,0.22720306214318797
lru_break,lfu,100,5,math_005,math,1597,5891,0.21327457264957264,0.2270686767169179
lru_break,lfu,101,5,math_006,math,1340,4744,0.22024983563445102,0.22701563826414245
lru_break,lfu,102,5,math_001,math,1874,7330,0.20360712733594089,0.22674339262157123
lru_break,lfu,103,5,math_002,math,2017,7655,0.20854011579818033,0.22652360622175619
lru_break,lfu,104,5,math_003,math,1944,7260,0.21121251629726207,0.22634968355992616
lru_break,lfu,105,5,math_004,math,1214,4246,0.22234432234432233,0.22632287391323536
lru_break,lfu,106,5,math_005,math,1597,5891,0.21327457264957264,0.22620418555609004
lru_break,lfu,107,5,math_006,math,1340,4744,0.22024983563445102,0.2261605024020374
lfu_break,lru,0,0,code_001,code,3386,5818,0.36788352890047804,0.36788352890047804
lfu_break,lru,1,0,code_002,code,2953,5003,0.37116641528406236,0.3694055944055944
lfu_break,lru,2,0,code_003,code,2574,5070,0.336734693877551,0.3593372036768263
lfu_break,lru,3,0,code_004,code,2968,5300,0.358974358974359,0.3592464925012095
lfu_break,lru,4,0,code_005,code,2921,5191,0.36008382642998027,0.3594114219114219
lfu_break,lru,5,0,code_006,code,3055,5213,0.3694968553459119,0.36109763002507483
lfu_break,lru,6,0,code_001,code,3396,5808,0.36897001303780963,0.36233292416803053
lfu_break,lru,7,0,code_002,code,2953,5003,0.37116641528406236,0.3633879781420765
lfu_break,lru,8,0,code_003,code,2574,5070,0.336734693877551,0.36064425770308123
lfu_break,lru,9,0,code_004,code,2968,5300,0.358974358974359,0.3604769521593718
lfu_break,lru,10,0,code_005,code,2921,5191,0.36008382642998027,0.3604417670682731
lfu_break,lru,11,0,code_006,code,3055,5213,0.3694968553459119,0.361198738170347
lfu_break,lru,12,0,code_001,code,3396,5808,0.36897001303780963,0.36186036186036186
lfu_break,lru,13,0,code_002,code,2953,5003,0.37116641528406236,0.36249827681279295
lfu_break,lru,14,0,code_003,code,2574,5070,0.336734693877551,0.360906327804184
lfu_break,lru,15,0,code_004,code,2968,5300,0.358974358974359,0.3607852942959326
lfu_break,lru,16,0,code_005,code,2921,5191,0.36008382642998027,0.3607446747758552
lfu_break,lru,17,0,code_006,code,3055,5213,0.3694968553459119,0.3612324408854377
lfu_break,lru,18,0,code_001,code,3396,5808,0.36897001303780963,0.3616844376745367
lfu_break,lru,19,0,code_002,code,2953,5003,0.37116641528406236,0.3621402160516204
lfu_break,lru,20,0,code_003,code,2574,5070,0.336734693877551,0.361018711018711
lfu_break,lru,21,0,code_004,code,2968,5300,0.358974358974359,0.3609255462221928
lfu_break,lru,22,0,code_005,code,2921,5191,0.36008382642998027,0.3608895220006331
lfu_break,lru,23,0,code_006,code,3055,5213,0.3694968553459119,0.3612492922429831
lfu_break,lru,24,0,code_001,code,3396,5808,0.36897001303780963,0.36159256468224066
lfu_break,lru,25,0,code_002,code,2953,5003,0.37116641528406236,0.3619468944214953
lfu_break,lru,26,0,code_003,code,2574,5070,0.336734693877551,0.36108116363897724
lfu_break,lru,27,0,code_004,code,2968,5300,0.358974358974359,0.36100571725571723
lfu_break,lru,28,0,code_005,code,2921,5191,0.36008382642998027,0.3609744259222066
lfu_break,lru,29,0,code_006,code,3055,5213,0.3694968553459119,0.3612594030575103
lfu_break,lru,30,0,code_001,code,3396,5808,0.36897001303780963,0.36153612202882274
lfu_break,lru,31,0,code_002,code,2953,5003,0.37116641528406236,0.3618258830648211
lfu_break,lru,32,0,code_003,code,2574,5070,0.336734693877551,0.36112091272641733
lfu_break,lru,33,0,code_004,code,2968,5300,0.358974358974359,0.36105760312772
lfu_break,lru,34,0,code_005,code,2921,5191,0.36008382642998027,0.36103021730387874
lfu_break,lru,35,0,code_006,code,3055,5213,0.3694968553459119,0.36126614360052844
lfu_break,lru,36,0,code_001,code,3396,5808,0.36897001303780963,0.3614979275356634
lfu_break,lru,37,0,code_002,code,2953,5003,0.37116641528406236,0.3617430035173574
lfu_break,lru,38,0,code_003,code,2574,5070,0.336734693877551,0.3611484342925391
lfu_break,lru,39,0,code_004,code,2968,5300,0.358974358974359,0.36109392814690827
lfu_break,lru,40,0,code_005,code,2921,5191,0.36008382642998027,0.3610696782441935
lfu_break,lru,41,0,code_006,code,3055,5213,0.3694968553459119,0.3612709582741129
lfu_break,lru,42,0,code_001,code,3396,5808,0.36897001303780963,0.36147036311654396
lfu_break,lru,43,0,code_002,code,2953,5003,0.37116641528406236,0.3616826854267816
lfu_break,lru,44,0,code_003,code,2574,5070,0.336734693877551,0.3611686183174829
lfu_break,lru,45,0,code_004,code,2968,5300,0.358974358974359,0.36112077967281586
lfu_break,lru,46,0,code_005,code,2921,5191,0.36008382642998027,0.36109906337453657
lfu_break,lru,47,0,code_006,code,3055,5213,0.3694968553459119,0.3612745692793011
lfu_break,lru,48,0,code_001,code,3396,5808,0.36897001303780963,0.3614495331258337
lfu_break,lru,49,0,code_002,code,2953,5003,0.37116641528406236,0.3616368199701533
lfu_break,lru,50,0,code_003,code,2574,5070,0.336734693877551,0.3611840540411969
lfu_break,lru,51,0,code_004,code,2968,5300,0.358974358974359,0.36114143619602135
lfu_break,lru,52,0,code_005,code,2921,5191,0.36008382642998027,0.36112179487179485
lfu_break,lru,53,0,code_006,code,3055,5213,0.3694968553459119,0.361277377838892
lfu_break,lru,54,1,math_001,math,3353,5851,0.3642981312472838,0.3613385812905044
lfu_break,lru,55,1,math_002,math,3417,6255,0.353287841191067,0.36117074474505545
lfu_break,lru,56,1,math_003,math,3353,5851,0.3642981312472838,0.36123158081615053
lfu_break,lru,57,1,math_004,math,1781,3679,0.3261904761904762,0.36083182897068167
lfu_break,lru,58,1,math_005,math,2551,4937,0.3406784188034188,0.36052137849313715
lfu_break,lru,59,1,math_006,math,2187,3897,0.3594674556213018,0.3605083506034378
lfu_break,lru,60,1,math_001,math,3355,5849,0.3645154280747501,0.36058190927512646
lfu_break,lru,61,1,math_002,math,3417,6255,0.353287841191067,0.3604438652515576
lfu_break,lru,62,1,math_003,math,3353,5851,0.3642981312472838,0.36051205166647443
lfu_break,lru,63,1,math_004,math,1781,3679,0.3261904761904762,0.3601555961348246
lfu_break,lru,64,1,math_005,math,2551,4937,0.3406784188034188,0.35988207228698743
lfu_break,lru,65,1,math_006,math,2187,3897,0.3594674556213018,0.3598773948065241
lfu_break,lru,66,1,math_001,math,3355,5849,0.3645154280747501,0.3599552230098305
lfu_break,lru,67,1,math_002,math,3417,6255,0.353287841191067,0.3598396898424847
lfu_break,lru,68,1,math_003,math,3353,5851,0.3642981312472838,0.3599120153973055
lfu_break,lru,69,1,math_004,math,1781,3679,0.3261904761904762,0.35959059549745825
lfu_break,lru,70,1,math_005,math,2551,4937,0.3406784188034188,0.35934656741108356
lfu_break,lru,71,1,math_006,math,2187,3897,0.3594674556213018,0.3593478216383244
lfu_break,lru,72,2,medicine_001,medicine,3760,5912,0.38875103391232424,0.3598249216542857
lfu_break,lru,73,2,medicine_002,medicine,2164,4700,0.3152680652680653,0.359317676717418
lfu_break,lru,74,2,medicine_003,medicine,2354,4510,0.34294871794871795,0.3591334264780159
lfu_break,lru,75,2,medicine_004,medicine,2506,4826,0.34178941625750137,0.3589273677114931
lfu_break,lru,76,2,medicine_005,medicine,2057,4339,0.3216072545340838,0.3585445494377193
lfu_break,lru,77,2,medicine_006,medicine,3095,4861,0.3890145801910508,0.35892843569474003
lfu_break,lru,78,2,medicine_001,medicine,3758,5914,0.38854425144747723,0.35937519495913656
lfu_break,lru,79,2,medicine_002,medicine,2164,4700,0.3152680652680653,0.3589080034072812
lfu_break,lru,80,2,medicine_003,medicine,2354,4510,0.34294871794871795,0.3587407312395402
lfu_break,lru,81,2,medicine_004,medicine,2506,4826,0.34178941625750137,0.35855304883573436
lfu_break,lru,82,2,medicine_005,medicine,2057,4339,0.3216072545340838,0.358199624298551
lfu_break,lru,83,2,medicine_006,medicine,3095,4861,0.3890145801910508,0.35856198601183614
lfu_break,lru,84,2,medicine_001,medicine,3758,5914,0.38854425144747723,0.35898455942784196
lfu_break,lru,85,2,medicine_002,medicine,2164,4700,0.3152680652680653,0.3585516254321116
lfu_break,lru,86,2,medicine_003,medicine,2354,4510,0.34294871794871795,0.3583986216591521
lfu_break,lru,87,2,medicine_004,medicine,2506,4826,0.34178941625750137,0.3582264485991879
lfu_break,lru,88,2,medicine_005,medicine,2057,4339,0.3216072545340838,0.3578982765868012
lfu_break,lru,89,2,medicine_006,medicine,3095,4861,0.3890145801910508,0.35824132273548615
lfu_break,lru,90,3,creative_001,creative,2621,4399,0.3733618233618234,0.3583869922983603
lfu_break,lru,91,3,creative_002,creative,1817,4111,0.3065114709851552,0.35796837479785026
lfu_break,lru,92,3,creative_003,creative,2242,4154,0.3505315822388993,0.3579041835357625
lfu_break,lru,93,3,creative_004,creative,2516,4348,0.36655011655011654,0.3579835371136998
lfu_break,lru,94,3,creative_005,creative,1808,3496,0.34087481146304677,0.3578630531302445
lfu_break,lru,95,3,creative_006,creative,2387,4321,0.3558437686344663,0.357845227379204
lfu_break,lru,96,3,creative_001,creative,2623,4397,0.37364672364672363,0.3579898708560222
lfu_break,lru,97,3,creative_002,creative,1817,4111,0.3065114709851552,0.35759500222560375
lfu_break,lru,98,3,creative_003,creative,2242,4154,0.3505315822388993,0.3575370242036909
lfu_break,lru,99,3,creative_004,creative,2516,4348,0.36655011655011654,0.3576157255458704
lfu_break,lru,100,3,creative_005,creative,1808,3496,0.34087481146304677,0.3575035254514852
lfu_break,lru,101,3,creative_006,creative,2387,4321,0.3558437686344663,0.3574895751889497
lfu_break,lru,102,3,creative_001,creative,2623,4397,0.37364672364672363,0.3576304532514569
lfu_break,lru,103,3,creative_002,creative,1817,4111,0.3065114709851552,0.35725681960534816
lfu_break,lru,104,3,creative_003,creative,2242,4154,0.3505315822388993,0.35720419847328244
lfu_break,lru,105,3,creative_004,creative,2516,4348,0.36655011655011654,0.35728202216657934
lfu_break,lru,106,3,creative_005,creative,1808,3496,0.34087481146304677,0.3571771246178918
lfu_break,lru,107,3,creative_006,creative,2387,4321,0.3558437686344663,0.3571664299140516
lfu_break,lru,108,4,math_001,math,3355,5849,0.3645154280747501,0.3572464282335131
lfu_break,lru,109,4,math_002,math,3417,6255,0.353287841191067,0.35720165763945405
lfu_break,lru,110,4,math_003,math,3353,5851,0.3642981312472838,0.35727722016298086
lfu_break,lru,111,4,math_004,math,1781,3679,0.3261904761904762,0.3570820917485193
lfu_break,lru,112,4,math_005,math,2551,4937,0.3406784188034188,0.3569420888499836
lfu_break,lru,113,4,math_006,math,2187,3897,0.3594674556213018,0.3569594805688749
lfu_break,lru,114,4,math_001,math,3355,5849,0.3645154280747501,0.35703739054840067
lfu_break,lru,115,4,math_002,math,3417,6255,0.353287841191067,0.35699719828350535
lfu_break,lru,116,4,math_003,math,3353,5851,0.3642981312472838,0.35707091983833383
lfu_break,lru,117,4,math_004,math,1781,3679,0.3261904761904762,0.3568870451313459
lfu_break,lru,118,4,math_005,math,2551,4937,0.3406784188034188,0.3567557568991926
lfu_break,lru,119,4,math_006,math,2187,3897,0.3594674556213018,0.35677348636275713
lfu_break,lru,120,4,math_001,math,3355,5849,0.3645154280747501,0.356849312153097
lfu_break,lru,121,4,math_002,math,3417,6255,0.353287841191067,0.3568130303260109
lfu_break,lru,122,4,math_003,math,3353,5851,0.3642981312472838,0.3568848970394943
lfu_break,lru,123,4,math_004,math,1781,3679,0.3261904761904762,0.3567110613227118
lfu_break,lru,124,4,math_005,math,2551,4937,0.3406784188034188,0.356587495677091
lfu_break,lru,125,4,math_006,math,2187,3897,0.3594674556213018,0.3566054178787544
lfu_break,lru,126,5,medicine_001,medicine,3760,5912,0.38875103391232424,0.3569203220016935
lfu_break,lru,127,5,medicine_002,medicine,2164,4700,0.3152680652680653,0.35663274954032836
lfu_break,lru,128,5,medicine_003,medicine,2354,4510,0.34294871794871795,0.3565389210550501
lfu_break,lru,129,5,medicine_004,medicine,2506,4826,0.34178941625750137,0.3564316768215283
lfu_break,lru,130,5,medicine_005,medicine,2057,4339,0.3216072545340838,0.35621218392163817
lfu_break,lru,131,5,medicine_006,medicine,3095,4861,0.3890145801910508,0.35646735814521047
lfu_break,lru,132,5,medicine_001,medicine,3758,5914,0.38854425144747723,0.356767866967323
lfu_break,lru,133,5,medicine_002,medicine,2164,4700,0.3152680652680653,0.3564937764127197
lfu_break,lru,134,5,medicine_003,medicine,2354,4510,0.34294871794871795,0.3564049033777635
lfu_break,lru,135,5,medicine_004,medicine,2506,4826,0.34178941625750137,0.3563031814919865
lfu_break,lru,136,5,medicine_005,medicine,2057,4339,0.3216072545340838,0.3560938007140539
lfu_break,lru,137,5,medicine_006,medicine,3095,4861,0.3890145801910508,0.3563390833661104
lfu_break,lru,138,5,medicine_001,medicine,3758,5914,0.38854425144747723,0.35662816986112195
lfu_break,lru,139,5,medicine_002,medicine,2164,4700,0.3152680652680653,0.35636635938750744
lfu_break,lru,140,5,medicine_003,medicine,2354,4510,0.34294871794871795,0.35628195964150217
lfu_break,lru,141,5,medicine_004,medicine,2506,4826,0.34178941625750137,0.35618523292479554
lfu_break,lru,142,5,medicine_005,medicine,2057,4339,0.3216072545340838,0.35598507803082136
lfu_break,lru,143,5,medicine_006,medicine,3095,4861,0.3890145801910508,0.35622120146930913
lfu_break,lfu,0,0,code_001,code,1899,7305,0.20632333767926989,0.20632333767926989
lfu_break,lfu,1,0,code_002,code,1919,6037,0.24120160884866768,0.2224941724941725
lfu_break,lfu,2,0,code_003,code,1879,5765,0.24581371009942438,0.22968069666182875
lfu_break,lfu,3,0,code_004,code,2018,6250,0.2440735365263667,0.23327890662796325
lfu_break,lfu,4,0,code_005,code,1960,6152,0.2416173570019724,0.23492132867132867
lfu_break,lfu,5,0,code_006,code,2099,6169,0.253870343492985,0.23808946048693683
lfu_break,lfu,6,0,code_001,code,2378,6826,0.25836592785745327,0.24127114020731041
lfu_break,lfu,7,0,code_002,code,1926,6030,0.2420814479638009,0.24136792169579055
lfu_break,lfu,8,0,code_003,code,1879,5765,0.24581371009942438,0.24182557638439992
lfu_break,lfu,9,0,code_004,code,2018,6250,0.2440735365263667,0.24205079734380303
lfu_break,lfu,10,0,code_005,code,1960,6152,0.2416173570019724,0.24201200406019682
lfu_break,lfu,11,0,code_006,code,2099,6169,0.253870343492985,0.24300331634716493
lfu_break,lfu,12,0,code_001,code,2378,6826,0.25836592785745327,0.24431124431124432
lfu_break,lfu,13,0,code_002,code,1926,6030,0.2420814479638009,0.2441583953680728
lfu_break,lfu,14,0,code_003,code,1879,5765,0.24581371009942438,0.24426067837164936
lfu_break,lfu,15,0,code_004,code,2018,6250,0.2440735365263667,0.24424895435533733
lfu_break,lfu,16,0,code_005,code,1960,6152,0.2416173570019724,0.24409656787162354
lfu_break,lfu,17,0,code_006,code,2099,6169,0.253870343492985,0.24464126830057428
lfu_break,lfu,18,0,code_001,code,2378,6826,0.25836592785745327,0.24544300583904544
lfu_break,lfu,19,0,code_002,code,1926,6030,0.2420814479638009,0.2452814229440054
lfu_break,lfu,20,0,code_003,code,1879,5765,0.24581371009942438,0.2453049203049203
lfu_break,lfu,21,0,code_004,code,2018,6250,0.2440735365263667,0.24524880393324072
lfu_break,lfu,22,0,code_005,code,1960,6152,0.2416173570019724,0.24509338398227287
lfu_break,lfu,23,0,code_006,code,2099,6169,0.253870343492985,0.24546024427727897
lfu_break,lfu,24,0,code_001,code,2378,6826,0.25836592785745327,0.24603404633547812
lfu_break,lfu,25,0,code_002,code,1926,6030,0.2420814479638009,0.24588776003870344
lfu_break,lfu,26,0,code_003,code,1879,5765,0.24581371009942438,0.24588521732880528
lfu_break,lfu,27,0,code_004,code,2018,6250,0.2440735365263667,0.24582033957033958
lfu_break,lfu,28,0,code_005,code,1960,6152,0.2416173570019724,0.24567767958760126
lfu_break,lfu,29,0,code_006,code,2099,6169,0.253870343492985,0.2459516298633018
lfu_break,lfu,30,0,code_001,code,2378,6826,0.25836592785745327,0.24639715515627925
lfu_break,lfu,31,0,code_002,code,1926,6030,0.2420814479638009,0.2462673020195144
lfu_break,lfu,32,0,code_003,code,1879,5765,0.24581371009942438,0.24625455775111738
lfu_break,lfu,33,0,code_004,code,2018,6250,0.2440735365263667,0.24619023158255213
lfu_break,lfu,34,0,code_005,code,1960,6152,0.2416173570019724,0.24606162721360125
lfu_break,lfu,35,0,code_006,code,2099,6169,0.253870343492985,0.24627922025398366
lfu_break,lfu,36,0,code_001,code,2378,6826,0.25836592785745327,0.24664286928437873
lfu_break,lfu,37,0,code_002,code,1926,6030,0.2420814479638009,0.24652724677575572
lfu_break,lfu,38,0,code_003,code,1879,5765,0.24581371009942438,0.2465102825364834
lfu_break,lfu,39,0,code_004,code,2018,6250,0.2440735365263667,0.24644919098561482
lfu_break,lfu,40,0,code_005,code,1960,6152,0.2416173570019724,0.2463331912777896
lfu_break,lfu,41,0,code_006,code,2099,6169,0.253870343492985,0.246513213390185
lfu_break,lfu,42,0,code_001,code,2378,6826,0.25836592785745327,0.24682019765426264
lfu_break,lfu,43,0,code_002,code,1926,6030,0.2420814479638009,0.24671642941286565
lfu_break,lfu,44,0,code_003,code,1879,5765,0.24581371009942438,0.24669782838411938
lfu_break,lfu,45,0,code_004,code,2018,6250,0.2440735365263667,0.24664061428767312
lfu_break,lfu,46,0,code_005,code,1960,6152,0.2416173570019724,0.24653541518221342
lfu_break,lfu,47,0,code_006,code,2099,6169,0.253870343492985,0.246688708242336
lfu_break,lfu,48,0,code_001,code,2378,6826,0.25836592785745327,0.24695420186749667
lfu_break,lfu,49,0,code_002,code,1926,6030,0.2420814479638009,0.2468602825745683
lfu_break,lfu,50,0,code_003,code,1879,5765,0.24581371009942438,0.24684125398411114
lfu_break,lfu,51,0,code_004,code,2018,6250,0.2440735365263667,0.24678787369835406
lfu_break,lfu,52,0,code_005,code,1960,6152,0.2416173570019724,0.24669184981684983
lfu_break,lfu,53,0,code_006,code,2099,6169,0.253870343492985,0.24682520423845344
lfu_break,lfu,54,1,math_001,math,1874,7330,0.20360712733594089,0.24594956325725556
lfu_break,lfu,55,1,math_002,math,2017,7655,0.20854011579818033,0.24516967565050954
lfu_break,lfu,56,1,math_003,math,1944,7260,0.21121251629726207,0.24450911765451824
lfu_break,lfu,57,1,math_004,math,1214,4246,0.22234432234432233,0.2442562598201451
lfu_break,lfu,58,1,math_005,math,1597,5891,0.21327457264957264,0.2437790066159771
lfu_break,lfu,59,1,math_006,math,1340,4744,0.22024983563445102,0.24348815474013571
lfu_break,lfu,60,1,math_001,math,1874,7330,0.20360712733594089,0.2427560512501396
lfu_break,lfu,61,1,math_002,math,2017,7655,0.20854011579818033,0.24210849691618921
lfu_break,lfu,62,1,math_003,math,1944,7260,0.21121251629726207,0.2415619113520163
lfu_break,lfu,63,1,math_004,math,1214,4246,0.22234432234432233,0.2413623221486723
lfu_break,lfu,64,1,math_005,math,1597,5891,0.21327457264957264,0.24096787745120105
lfu_break,lfu,65,1,math_006,math,1340,4744,0.22024983563445102,0.240734147734437
lfu_break,lfu,66,1,math_001,math,1874,7330,0.20360712733594089,0.24011114028178876
lfu_break,lfu,67,1,math_002,math,2017,7655,0.20854011579818033,0.23956407389889783
lfu_break,lfu,68,1,math_003,math,1944,7260,0.21121251629726207,0.23910415036343
lfu_break,lfu,69,1,math_004,math,1214,4246,0.22234432234432233,0.23894440254734373
lfu_break,lfu,70,1,math_005,math,1597,5891,0.21327457264957264,0.2386131789357596
lfu_break,lfu,71,1,math_006,math,1340,4744,0.22024983563445102,0.23842265741707083
lfu_break,lfu,72,2,medicine_001,medicine,2117,7555,0.21887923904052936,0.23810554358840147
lfu_break,lfu,73,2,medicine_002,medicine,1501,5363,0.2186771561771562,0.23788436660364215
lfu_break,lfu,74,2,medicine_003,medicine,1498,5366,0.21824009324009325,0.2376632491751448
lfu_break,lfu,75,2,medicine_004,medicine,1589,5743,0.21672122204037098,0.2374144434938166
lfu_break,lfu,76,2,medicine_005,medicine,1332,5064,0.20825515947467166,0.2371153365023768
lfu_break,lfu,77,2,medicine_006,medicine,1826,6130,0.22951231774761185,0.237019547481504
lfu_break,lfu,78,2,medicine_001,medicine,2117,7555,0.21887923904052936,0.23674589805976667
lfu_break,lfu,79,2,medicine_002,medicine,1501,5363,0.2186771561771562,0.23655451032677802
lfu_break,lfu,80,2,medicine_003,medicine,1498,5366,0.21824009324009325,0.23636255359695094
lfu_break,lfu,81,2,medicine_004,medicine,1589,5743,0.21672122204037098,0.23614508773519374
lfu_break,lfu,82,2,medicine_005,medicine,1332,5064,0.20825515947467166,0.23587829187455878
lfu_break,lfu,83,2,medicine_006,medicine,1826,6130,0.22951231774761185,0.23580343259845218
lfu_break,lfu,84,2,medicine_001,medicine,2117,7555,0.21887923904052936,0.23556490111388953
lfu_break,lfu,85,2,medicine_002,medicine,1501,5363,0.2186771561771562,0.2353976580850315
lfu_break,lfu,86,2,medicine_003,medicine,1498,5366,0.21824009324009325,0.23522940917636706
lfu_break,lfu,87,2,medicine_004,medicine,1589,5743,0.21672122204037098,0.2350375510388744
lfu_break,lfu,88,2,medicine_005,medicine,1332,5064,0.20825515947467166,0.23479753397786185
lfu_break,lfu,89,2,medicine_006,medicine,1826,6130,0.22951231774761185,0.23473926635405234
lfu_break,lfu,90,3,creative_001,creative,1645,5375,0.23433048433048434,0.23473532818426845
lfu_break,lfu,91,3,creative_002,creative,996,4932,0.1680161943319838,0.23419692786862037
lfu_break,lfu,92,3,creative_003,creative,1370,5026,0.2141963727329581,0.2340242914979757
lfu_break,lfu,93,3,creative_004,creative,1535,5329,0.22363053613053613,0.23392889616293872
lfu_break,lfu,94,3,creative_005,creative,1233,4071,0.2324660633484163,0.23391859452339983
lfu_break,lfu,95,3,creative_006,creative,1546,5162,0.2304710793082886,0.23388816069990367
lfu_break,lfu,96,3,creative_001,creative,1645,5375,0.23433048433048434,0.23389220963468318
lfu_break,lfu,97,3,creative_002,creative,996,4932,0.1680161943319838,0.23338690309824747
lfu_break,lfu,98,3,creative_003,creative,1370,5026,0.2141963727329581,0.23322938322938322
lfu_break,lfu,99,3,creative_004,creative,1535,5329,0.22363053613053613,0.23314556714040738
lfu_break,lfu,100,3,creative_005,creative,1233,4071,0.2324660633484163,0.23314101300499881
lfu_break,lfu,101,3,creative_006,creative,1546,5162,0.2304710793082886,0.23311857220184037
lfu_break,lfu,102,3,creative_001,creative,1645,5375,0.23433048433048434,0.2331291391551031
lfu_break,lfu,103,3,creative_002,creative,996,4932,0.1680161943319838,0.23265322226660945
lfu_break,lfu,104,3,creative_003,creative,1370,5026,0.2141963727329581,0.23250880798590723
lfu_break,lfu,105,3,creative_004,creative,1535,5329,0.22363053613053613,0.23243487839437876
lfu_break,lfu,106,3,creative_005,creative,1233,4071,0.2324660633484163,0.23243507777167047
lfu_break,lfu,107,3,creative_006,creative,1546,5162,0.2304710793082886,0.23241932475284463
lfu_break,lfu,108,4,math_001,math,1874,7330,0.20360712733594089,0.2321056864414798
lfu_break,lfu,109,4,math_002,math,2017,7655,0.20854011579818033,0.23183916594168327
lfu_break,lfu,110,4,math_003,math,1944,7260,0.21121251629726207,0.23161953549067787
lfu_break,lfu,111,4,math_004,math,1214,4246,0.22234432234432233,0.23156131589596438
lfu_break,lfu,112,4,math_005,math,1597,5891,0.21327457264957264,0.23140524127366233
lfu_break,lfu,113,4,math_006,math,1340,4744,0.22024983563445102,0.23132841612446062
lfu_break,lfu,114,4,math_001,math,1874,7330,0.20360712733594089,0.23104257969689637
lfu_break,lfu,115,4,math_002,math,2017,7655,0.20854011579818033,0.23080137071319645
lfu_break,lfu,116,4,math_003,math,1944,7260,0.21121251629726207,0.23060357122482744
lfu_break,lfu,117,4,math_004,math,1214,4246,0.22234432234432233,0.23055439230158523
lfu_break,lfu,118,4,math_005,math,1597,5891,0.21327457264957264,0.23041442751196378
lfu_break,lfu,119,4,math_006,math,1340,4744,0.22024983563445102,0.23034796999591636
lfu_break,lfu,120,4,math_001,math,1874,7330,0.20360712733594089,0.2300860659924405
lfu_break,lfu,121,4,math_002,math,2017,7655,0.20854011579818033,0.22986657060761562
lfu_break,lfu,122,4,math_003,math,1944,7260,0.21121251629726207,0.2296874674010557
lfu_break,lfu,123,4,math_004,math,1214,4246,0.22234432234432233,0.22964588000995767
lfu_break,lfu,124,4,math_005,math,1597,5891,0.21327457264957264,0.22951970423068688
lfu_break,lfu,125,4,math_006,math,1340,4744,0.22024983563445102,0.22946201715948006
lfu_break,lfu,126,5,medicine_001,medicine,2117,7555,0.21887923904052936,0.22935834639895314
lfu_break,lfu,127,5,medicine_002,medicine,1501,5363,0.2186771561771562,0.2292846021074485
lfu_break,lfu,128,5,medicine_003,medicine,1498,5366,0.21824009324009325,0.22920887226637576
lfu_break,lfu,129,5,medicine_004,medicine,1589,5743,0.21672122204037098,0.2291180740670221
lfu_break,lfu,130,5,medicine_005,medicine,1332,5064,0.20825515947467166,0.22898657837166678
lfu_break,lfu,131,5,medicine_006,medicine,1826,6130,0.22951231774761185,0.2289906681685205
lfu_break,lfu,132,5,medicine_001,medicine,2117,7555,0.21887923904052936,0.22889594036466204
lfu_break,lfu,133,5,medicine_002,medicine,1501,5363,0.2186771561771562,0.22882844914517084
lfu_break,lfu,134,5,medicine_003,medicine,1498,5366,0.21824009324009325,0.2287589758884122
lfu_break,lfu,135,5,medicine_004,medicine,1589,5743,0.21672122204037098,0.2286751946902991
lfu_break,lfu,136,5,medicine_005,medicine,1332,5064,0.20825515947467166,0.22855196515779383
lfu_break,lfu,137,5,medicine_006,medicine,1826,6130,0.22951231774761185,0.22855912045101234
lfu_break,lfu,138,5,medicine_001,medicine,2117,7555,0.21887923904052936,0.2284722299562317
lfu_break,lfu,139,5,medicine_002,medicine,1501,5363,0.2186771561771562,0.22841022689965287
lfu_break,lfu,140,5,medicine_003,medicine,1498,5366,0.21824009324009325,0.22834625465075786
lfu_break,lfu,141,5,medicine_004,medicine,1589,5743,0.21672122204037098,0.22826866638993876
lfu_break,lfu,142,5,medicine_005,medicine,1332,5064,0.20825515947467166,0.22815281805116622
lfu_break,lfu,143,5,medicine_006,medicine,1826,6130,0.22951231774761185,0.22816253693040908
mixed_shift,lru,0,0,code_002,code,2941,5015,0.3696581196581197,0.3696581196581197
mixed_shift,lru,1,0,code_001,code,3398,5806,0.369187309865276,0.3694055944055944
mixed_shift,lru,2,0,math_003,math,3349,5855,0.3638635375923511,0.36747079350629647
mixed_shift,lru,3,0,code_001,code,3398,5806,0.369187309865276,0.36791497975708504
mixed_shift,lru,4,0,code_004,code,2963,5305,0.35836961780358007,0.3661146089971713
mixed_shift,lru,5,0,creative_001,creative,2622,4398,0.3735042735042735,0.3671346547113418
mixed_shift,lru,6,0,math_001,math,3355,5849,0.3645154280747501,0.3667332667332667
mixed_shift,lru,7,0,code_005,code,2921,5191,0.36008382642998027,0.36594202898550726
mixed_shift,lru,8,0,code_006,code,3055,5213,0.3694968553459119,0.3663265306122449
mixed_shift,lru,9,0,code_003,code,2572,5072,0.33647305075876505,0.3636125778982922
mixed_shift,lru,10,0,medicine_002,medicine,2167,4697,0.3157051282051282,0.359996921317676
mixed_shift,lru,11,0,medicine_001,medicine,3759,5913,0.38864764267990076,0.362750944146293
mixed_shift,lru,12,0,code_006,code,3056,5212,0.36961780358006774,0.36327235324369994
mixed_shift,lru,13,0,code_005,code,2920,5192,0.3599605522682446,0.36304273504273504
mixed_shift,lru,14,0,code_002,code,2954,5002,0.37129210658622425,0.3635679759275265
mixed_shift,lru,15,0,math_002,math,3418,6254,0.35339123242349046,0.36283685414624
mixed_shift,lru,16,0,code_004,code,2967,5301,0.3588534107402032,0.3626063710670698
mixed_shift,lru,17,0,code_003,code,2573,5071,0.336603872318158,0.3612860369337053
mixed_shift,lru,18,1,medicine_005,medicine,2060,4336,0.3220762976860538,0.3596880256920018
mixed_shift,lru,19,1,medicine_003,medicine,2353,4511,0.3428030303030303,0.35898046398046396
mixed_shift,lru,20,1,math_004,math,1780,3680,0.326007326007326,0.35791681436842726
mixed_shift,lru,21,1,creative_003,creative,2243,4153,0.35068792995622267,0.35765359566425287
mixed_shift,lru,22,1,math_005,math,2548,4940,0.3402777777777778,0.35694317040143275
mixed_shift,lru,23,1,code_004,code,2968,5300,0.358974358974359,0.35703090715315655
mixed_shift,lru,24,1,math_006,math,2183,3901,0.35880999342537806,0.3570857131283672
mixed_shift,lru,25,1,code_002,code,2958,4998,0.3717948717948718,0.3576553160835621
mixed_shift,lru,26,1,creative_002,creative,1817,4111,0.3065114709851552,0.356221023748699
mixed_shift,lru,27,1,code_003,code,2575,5069,0.336865515436944,0.35554551099422893
mixed_shift,lru,28,1,math_006,math,2187,3897,0.3594674556213018,0.35565150949766333
mixed_shift,lru,29,1,math_005,math,2549,4939,0.3404113247863248,0.35516087980876715
mixed_shift,lru,30,1,math_003,math,3354,5850,0.3644067796610169,0.3555128205128205
mixed_shift,lru,31,1,math_004,math,1781,3679,0.3261904761904762,0.35486532395049747
mixed_shift,lru,32,1,math_001,math,3357,5847,0.3647327249022164,0.35521944600411753
mixed_shift,lru,33,1,code_001,code,3397,5807,0.36907866145154283,0.35569959498321213
mixed_shift,lru,34,1,math_002,math,3416,6256,0.3531844499586435,0.3556112442797995
mixed_shift,lru,35,1,medicine_004,medicine,2509,4823,0.3421985815602837,0.3552633440878474
mixed_shift,lru,36,2,code_001,code,3398,5806,0.369187309865276,0.35570242157628584
mixed_shift,lru,37,2,medicine_001,medicine,3758,5914,0.38854425144747723,0.35675580670407364
mixed_shift,lru,38,2,medicine_003,medicine,2355,4509,0.34309440559440557,0.35645175933491563
mixed_shift,lru,39,2,creative_004,creative,2516,4348,0.36655011655011654,0.35667161471218867
mixed_shift,lru,40,2,medicine_006,medicine,3102,4854,0.389894419306184,0.3574893574893575
mixed_shift,lru,41,2,creative_005,creative,1804,3500,0.3401206636500754,0.35720895122604523
mixed_shift,lru,42,2,medicine_005,medicine,2056,4340,0.3214509068167605,0.35652610082046504
mixed_shift,lru,43,2,code_006,code,3054,5214,0.36937590711175616,0.3568356643356643
mixed_shift,lru,44,2,math_001,math,3353,5851,0.3642981312472838,0.35703056718992976
mixed_shift,lru,45,2,math_002,math,3417,6255,0.353287841191067,0.3569305891580773
mixed_shift,lru,46,2,medicine_002,medicine,2166,4698,0.3155594405594406,0.3561608933701957
mixed_shift,lru,47,2,medicine_001,medicine,3759,5913,0.38864764267990076,0.3569907979673122
mixed_shift,lru,48,2,math_003,math,3351,5853,0.3640808344198175,0.3571590651236669
mixed_shift,lru,49,2,math_004,math,1781,3679,0.3261904761904762,0.3567291164474822
mixed_shift,lru,50,2,medicine_002,medicine,2166,4698,0.3155594405594406,0.3560228919878043
mixed_shift,lru,51,2,medicine_004,medicine,2506,4826,0.34178941625750137,0.35576677661287154
mixed_shift,lru,52,2,medicine_006,medicine,3098,4858,0.38939165409753645,0.3564107378414551
mixed_shift,lru,53,2,code_005,code,2920,5192,0.3599605522682446,0.35647872692071586
mixed_shift,lru,54,3,creative_004,creative,2516,4348,0.36655011655011654,0.35663934350052506
mixed_shift,lru,55,3,medicine_003,medicine,2356,4508,0.34324009324009325,0.356429009211742
mixed_shift,lru,56,3,creative_005,creative,1805,3499,0.34030920060331826,0.3562358215160471
mixed_shift,lru,57,3,creative_002,creative,1815,4113,0.3061740890688259,0.35557413600891863
mixed_shift,lru,58,3,creative_001,creative,2624,4396,0.3737891737891738,0.3558548472075869
mixed_shift,lru,59,3,math_006,math,2184,3900,0.358974358974359,0.35589596277328617
mixed_shift,lru,60,3,medicine_006,medicine,3101,4855,0.3897687280040221,0.35646988670244484
mixed_shift,lru,61,3,medicine_004,medicine,2505,4827,0.3416530278232406,0.3562420841616131
mixed_shift,lru,62,3,creative_006,creative,2388,4320,0.3559928443649374,0.3562386269644334
mixed_shift,lru,63,3,code_003,code,2574,5070,0.336734693877551,0.3559351361034435
mixed_shift,lru,64,3,creative_001,creative,2626,4394,0.37407407407407406,0.3561906940898801
mixed_shift,lru,65,3,code_002,code,2956,5000,0.371543489190548,0.35643198609300303
mixed_shift,lru,66,3,medicine_005,medicine,2057,4339,0.3216072545340838,0.35599747179175056
mixed_shift,lru,67,3,creative_002,creative,1814,4114,0.30600539811066124,0.3554259619241569
mixed_shift,lru,68,3,creative_006,creative,2389,4319,0.35614192009540846,0.3554351054351054
mixed_shift,lru,69,3,creative_003,creative,2241,4155,0.350375234521576,0.3553742325749368
mixed_shift,lru,70,3,math_001,math,3354,5850,0.3644067796610169,0.35552794479820726
mixed_shift,lru,71,3,math_005,math,2548,4940,0.3402777777777778,0.35531969216179743
mixed_shift,lru,72,4,math_005,math,2552,4936,0.3408119658119658,0.35512424706923723
mixed_shift,lru,73,4,medicine_001,medicine,3763,5909,0.38906120760959473,0.3557046861184792
mixed_shift,lru,74,4,code_001,code,3398,5806,0.369187309865276,0.3559206130460202
mixed_shift,lru,75,4,code_002,code,2953,5003,0.37116641528406236,0.3561287886589091
mixed_shift,lru,76,4,math_003,math,3351,5853,0.3640808344198175,0.3562524498871362
mixed_shift,lru,77,4,creative_004,creative,2517,4347,0.3666958041958042,0.3563721756791064
mixed_shift,lru,78,4,creative_006,creative,2389,4319,0.35614192009540846,0.35636962453504584
mixed_shift,lru,79,4,code_006,code,3056,5212,0.36961780358006774,0.3565481078826275
mixed_shift,lru,80,4,math_002,math,3416,6256,0.3531844499586435,0.356495918995919
mixed_shift,lru,81,4,code_005,code,2924,5188,0.3604536489151874,0.3565467594000203
mixed_shift,lru,82,4,code_004,code,2964,5304,0.3584905660377358,0.3565718805294519
mixed_shift,lru,83,4,code_003,code,2573,5071,0.336603872318158,0.35633611368551127
mixed_shift,lru,84,4,medicine_002,medicine,2167,4697,0.3157051282051282,0.35590984678967513
mixed_shift,lru,85,4,creative_003,creative,2240,4156,0.35021888680425267,0.3558547513092968
mixed_shift,lru,86,4,math_004,math,1781,3679,0.3261904761904762,0.35561160151324084
mixed_shift,lru,87,4,medicine_003,medicine,2357,4507,0.34338578088578087,0.3554869060780048
mixed_shift,lru,88,4,medicine_004,medicine,2506,4826,0.34178941625750137,0.35533928350942795
mixed_shift,lru,89,4,creative_005,creative,1806,3498,0.3404977375565611,0.3552244683644001
mixed_shift,lru,90,5,creative_002,creative,1815,4113,0.3061740890688259,0.3548040049280744
mixed_shift,lru,91,5,code_005,code,2923,5189,0.3603303747534517,0.35486807878112225
mixed_shift,lru,92,5,creative_004,creative,2516,4348,0.36655011655011654,0.3549815717512781
mixed_shift,lru,93,5,medicine_003,medicine,2356,4508,0.34324009324009325,0.354868598855041
mixed_shift,lru,94,5,creative_003,creative,2240,4156,0.35021888680425267,0.3548272815177887
mixed_shift,lru,95,5,math_006,math,2183,3901,0.35880999342537806,0.3548606633713017
mixed_shift,lru,96,5,math_003,math,3351,5853,0.3640808344198175,0.35497611118366634
mixed_shift,lru,97,5,medicine_001,medicine,3760,5912,0.38875103391232424,0.3554147465437788
mixed_shift,lru,98,5,medicine_006,medicine,3098,4858,0.38939165409753645,0.3557738806961605
mixed_shift,lru,99,5,code_006,code,3054,5214,0.36937590711175616,0.3559216681910409
mixed_shift,lru,100,5,math_004,math,1779,3681,0.32582417582417583,0.35570725495415095
mixed_shift,lru,101,5,code_001,code,3400,5804,0.3694046066927423,0.35586979392289125
mixed_shift,lru,102,5,medicine_005,medicine,2055,4341,0.32129455909943716,0.35558701222974115
mixed_shift,lru,103,5,math_001,math,3353,5851,0.3642981312472838,0.35568834425301304
mixed_shift,lru,104,5,medicine_002,medicine,2163,4701,0.3151223776223776,0.3553394579098254
mixed_shift,lru,105,5,code_004,code,2964,5304,0.3584905660377358,0.3553717675888309
mixed_shift,lru,106,5,math_002,math,3417,6255,0.353287841191067,0.35534706802150884
mixed_shift,lru,107,5,creative_001,creative,2625,4395,0.37393162393162394,0.3555055792072471
mixed_shift,lfu,0,0,code_002,code,1951,6005,0.24522373051784815,0.24522373051784815
mixed_shift,lfu,1,0,code_001,code,2636,6568,0.2863972186006084,0.2673076923076923
mixed_shift,lfu,2,0,math_003,math,2261,6943,0.24565406345067362,0.2597481414049461
mixed_shift,lfu,3,0,code_001,code,2659,6545,0.2888961321164711,0.26729082321187586
mixed_shift,lfu,4,0,code_004,code,2377,5891,0.2874939525882922,0.2711013778629437
mixed_shift,lfu,5,0,creative_001,creative,1861,5159,0.2650997150997151,0.27027292748151643
mixed_shift,lfu,6,0,math_001,math,2266,6938,0.2461973055193394,0.2665834165834166
mixed_shift,lfu,7,0,code_005,code,2263,5849,0.27896942800788954,0.26805726691310217
mixed_shift,lfu,8,0,code_006,code,2373,5895,0.2870101596516691,0.27010727367870224
mixed_shift,lfu,9,0,code_003,code,2196,5448,0.28728414442700156,0.2716688073830931
mixed_shift,lfu,10,0,medicine_002,medicine,1687,5177,0.24577505827505827,0.26971456216739237
mixed_shift,lfu,11,0,medicine_001,medicine,2448,7224,0.2531017369727047,0.26811767044325185
mixed_shift,lfu,12,0,code_006,code,2373,5895,0.2870101596516691,0.26955220042612593
mixed_shift,lfu,13,0,code_005,code,2263,5849,0.27896942800788954,0.2702051282051282
mixed_shift,lfu,14,0,code_002,code,2437,5519,0.3063097033685269,0.27250392138032586
mixed_shift,lfu,15,0,math_002,math,2485,7187,0.2569272125723739,0.27138485307662596
mixed_shift,lfu,16,0,code_004,code,2377,5891,0.2874939525882922,0.27231692979509575
mixed_shift,lfu,17,0,code_003,code,2196,5448,0.28728414442700156,0.27307692307692305
mixed_shift,lfu,18,1,medicine_005,medicine,1487,4909,0.23248905565978736,0.27142274557781515
mixed_shift,lfu,19,1,medicine_003,medicine,1701,5163,0.2478146853146853,0.2704334554334554
mixed_shift,lfu,20,1,math_004,math,1432,4028,0.2622710622710623,0.27017015242821696
mixed_shift,lfu,21,1,creative_003,creative,1570,4826,0.2454659161976235,0.26927061984788453
mixed_shift,lfu,22,1,math_005,math,1840,5648,0.24572649572649571,0.2683079980780151
mixed_shift,lfu,23,1,code_004,code,2377,5891,0.2874939525882922,0.2691367312394207
mixed_shift,lfu,24,1,math_006,math,1547,4537,0.25427350427350426,0.26867885931866975
mixed_shift,lfu,25,1,code_002,code,2437,5519,0.3063097033685269,0.27013609018164825
mixed_shift,lfu,26,1,creative_002,creative,1004,4924,0.16936572199730093,0.2673100577159618
mixed_shift,lfu,27,1,code_003,code,2198,5446,0.2875457875457875,0.2680162904521879
mixed_shift,lfu,28,1,math_006,math,1547,4537,0.25427350427350426,0.26764486379870994
mixed_shift,lfu,29,1,math_005,math,1840,5648,0.24572649572649571,0.26693924229135496
mixed_shift,lfu,30,1,math_003,math,2261,6943,0.24565406345067362,0.2661290322580645
mixed_shift,lfu,31,1,math_004,math,1432,4028,0.2622710622710623,0.26604384049179003
mixed_shift,lfu,32,1,math_001,math,2266,6938,0.2461973055193394,0.2653315864994697
mixed_shift,lfu,33,1,code_001,code,2659,6545,0.2888961321164711,0.2661479741632413
mixed_shift,lfu,34,1,math_002,math,2485,7187,0.2569272125723739,0.26582407205636666
mixed_shift,lfu,35,1,medicine_004,medicine,1784,5548,0.24331696672122205,0.2652402784853116
mixed_shift,lfu,36,2,code_001,code,2659,6545,0.2888961321164711,0.2659862407323658
mixed_shift,lfu,37,2,medicine_001,medicine,2448,7224,0.2531017369727047,0.2655729767731837
mixed_shift,lfu,38,2,medicine_003,medicine,1701,5163,0.2478146853146853,0.2651777492445171
mixed_shift,lfu,39,2,creative_004,creative,1807,5057,0.26325757575757575,0.26513594437889343
mixed_shift,lfu,40,2,medicine_006,medicine,2175,5781,0.2733785822021116,0.26533882783882784
mixed_shift,lfu,41,2,creative_005,creative,1422,3882,0.2680995475113122,0.26538339786203036
mixed_shift,lfu,42,2,medicine_005,medicine,1487,4909,0.23248905565978736,0.26475523389822414
mixed_shift,lfu,43,2,code_006,code,2373,5895,0.2870101596516691,0.2652913752913753
mixed_shift,lfu,44,2,math_001,math,2266,6938,0.2461973055193394,0.2647926811273425
mixed_shift,lfu,45,2,math_002,math,2485,7187,0.2569272125723739,0.26458257382427997
mixed_shift,lfu,46,2,medicine_002,medicine,1687,5177,0.24577505827505827,0.26423266655824795
mixed_shift,lfu,47,2,medicine_001,medicine,2448,7224,0.2531017369727047,0.26394831648230904
mixed_shift,lfu,48,2,math_003,math,2261,6943,0.24565406345067362,0.2635141407265301
mixed_shift,lfu,49,2,math_004,math,1432,4028,0.2622710622710623,0.26349688259644627
mixed_shift,lfu,50,2,medicine_002,medicine,1687,5177,0.24577505827505827,0.2631928824911281
mixed_shift,lfu,51,2,medicine_004,medicine,1784,5548,0.24331696672122205,0.26283523775866807
mixed_shift,lfu,52,2,medicine_006,medicine,2175,5781,0.2733785822021116,0.26303715685991313
mixed_shift,lfu,53,2,code_005,code,2263,5849,0.27896942800788954,0.26334230533125563
mixed_shift,lfu,54,3,creative_004,creative,1807,5057,0.26325757575757575,0.2633409540803524
mixed_shift,lfu,55,3,medicine_003,medicine,1701,5163,0.2478146853146853,0.26309723098877574
mixed_shift,lfu,56,3,creative_005,creative,1422,3882,0.2680995475113122,0.26315718120441417
mixed_shift,lfu,57,3,creative_002,creative,1004,4924,0.16936572199730093,0.261917502787068
mixed_shift,lfu,58,3,creative_001,creative,1863,5157,0.2653846153846154,0.2619709343168247
mixed_shift,lfu,59,3,math_006,math,1547,4537,0.25427350427350426,0.2618694812003362
mixed_shift,lfu,60,3,medicine_006,medicine,2175,5781,0.2733785822021116,0.2620644859016952
mixed_shift,lfu,61,3,medicine_004,medicine,1784,5548,0.24331696672122205,0.26177625122669285
mixed_shift,lfu,62,3,creative_006,creative,1771,4937,0.26401311866428145,0.2618072787427626
mixed_shift,lfu,63,3,code_003,code,2196,5448,0.28728414442700156,0.2622037113939305
mixed_shift,lfu,64,3,creative_001,creative,1861,5159,0.2650997150997151,0.2622445129489588
mixed_shift,lfu,65,3,code_002,code,2437,5519,0.3063097033685269,0.2629370629370629
mixed_shift,lfu,66,3,medicine_005,medicine,1487,4909,0.23248905565978736,0.2625571577945285
mixed_shift,lfu,67,3,creative_002,creative,1004,4924,0.16936572199730093,0.26149179240334475
mixed_shift,lfu,68,3,creative_006,creative,1773,4935,0.2643112701252236,0.26152779998933845
mixed_shift,lfu,69,3,creative_003,creative,1570,4826,0.2454659161976235,0.2613345672324546
mixed_shift,lfu,70,3,math_001,math,2266,6938,0.2461973055193394,0.2610769674513545
mixed_shift,lfu,71,3,math_005,math,1840,5648,0.24572649572649571,0.2608673450778714
mixed_shift,lfu,72,4,math_005,math,1840,5648,0.24572649572649571,0.26066337068301704
mixed_shift,lfu,73,4,medicine_001,medicine,2448,7224,0.2531017369727047,0.2605340406719717
mixed_shift,lfu,74,4,code_001,code,2659,6545,0.2888961321164711,0.26098826526350954
mixed_shift,lfu,75,4,code_002,code,2437,5519,0.3063097033685269,0.2616071122095219
mixed_shift,lfu,76,4,math_003,math,2261,6943,0.24565406345067362,0.2613590284254491
mixed_shift,lfu,77,4,creative_004,creative,1807,5057,0.26325757575757575,0.2613807939498403
mixed_shift,lfu,78,4,creative_006,creative,1771,4937,0.26401311866428145,0.26140995910385245
mixed_shift,lfu,79,4,code_006,code,2373,5895,0.2870101596516691,0.26175485250218344
mixed_shift,lfu,80,4,math_002,math,2485,7187,0.2569272125723739,0.2616799491799492
mixed_shift,lfu,81,4,code_005,code,2263,5849,0.27896942800788954,0.2619020472281342
mixed_shift,lfu,82,4,code_004,code,2377,5891,0.2874939525882922,0.2622327887507112
mixed_shift,lfu,83,4,code_003,code,2196,5448,0.28728414442700156,0.26252857584182887
mixed_shift,lfu,84,4,medicine_002,medicine,1687,5177,0.24577505827505827,0.2623528117090349
mixed_shift,lfu,85,4,creative_003,creative,1570,4826,0.2454659161976235,0.26218932582568943
mixed_shift,lfu,86,4,math_004,math,1432,4028,0.2622710622710623,0.26218999579655317
mixed_shift,lfu,87,4,medicine_003,medicine,1701,5163,0.2478146853146853,0.26204337695992774
mixed_shift,lfu,88,4,medicine_004,medicine,1784,5548,0.24331696672122205,0.261841555982808
mixed_shift,lfu,89,4,creative_005,creative,1422,3882,0.2680995475113122,0.2618899682039614
mixed_shift,lfu,90,5,creative_002,creative,1004,4924,0.16936572199730093,0.2610968436030471
mixed_shift,lfu,91,5,code_005,code,2265,5847,0.27921597633136097,0.2613069205042449
mixed_shift,lfu,92,5,creative_004,creative,1807,5057,0.26325757575757575,0.2613258714495191
mixed_shift,lfu,93,5,medicine_003,medicine,1701,5163,0.2478146853146853,0.2611958709706359
mixed_shift,lfu,94,5,creative_003,creative,1570,4826,0.2454659161976235,0.26105609460615964
mixed_shift,lfu,95,5,math_006,math,1547,4537,0.25427350427350426,0.2609992450417982
mixed_shift,lfu,96,5,math_003,math,2261,6943,0.24565406345067362,0.26080710461016066
mixed_shift,lfu,97,5,medicine_001,medicine,2448,7224,0.2531017369727047,0.2607070349005833
mixed_shift,lfu,98,5,medicine_006,medicine,2175,5781,0.2733785822021116,0.26084097249900356
mixed_shift,lfu,99,5,code_006,code,2373,5895,0.2870101596516691,0.26112530356072794
mixed_shift,lfu,100,5,math_004,math,1432,4028,0.2622710622710623,0.2611334658963399
mixed_shift,lfu,101,5,code_001,code,2659,6545,0.2888961321164711,0.2614629102460961
mixed_shift,lfu,102,5,medicine_005,medicine,1487,4909,0.23248905565978736,0.2612259407591544
mixed_shift,lfu,103,5,math_001,math,2266,6938,0.2461973055193394,0.2610511202782496
mixed_shift,lfu,104,5,medicine_002,medicine,1687,5177,0.24577505827505827,0.26091973897876947
mixed_shift,lfu,105,5,code_004,code,2377,5891,0.2874939525882922,0.2611922159223378
mixed_shift,lfu,106,5,math_002,math,2485,7187,0.2569272125723739,0.26114166531868693
mixed_shift,lfu,107,5,creative_001,creative,1861,5159,0.2650997150997151,0.2611754242724675
